{"training_loss": [0.010515832342207432], "validation_loss": [0.013915544375777245]}