{"training_loss": [0.0021396528463810682, 0.0014543593861162663, 0.0012851899955421686, 0.0011968405451625586, 0.0011253440752625465, 0.0010585039854049683, 0.0010154497576877475, 0.0009741203393787146, 0.0009402364958077669, 0.0009031245135702193, 0.0008674691198393703, 0.0008400583174079657, 0.0008146776235662401, 0.000791609869338572, 0.0007710640784353018, 0.0007425530930049717, 0.0007260117563419044, 0.0007108554127626121, 0.0006946297362446785, 0.0006808157195337117], "validation_loss": [0.0024497571866959333, 0.0020422411616891623, 0.0019541606307029724, 0.001839619129896164, 0.0017701078904792666, 0.0017177246045321226, 0.001747915055602789, 0.0016685528680682182, 0.0018014520173892379, 0.0016558185452595353, 0.001616025110706687, 0.0016060085035860538, 0.0016508674016222358, 0.0015985073987394571, 0.0015669346321374178, 0.0015603696228936315, 0.0016282391734421253, 0.0015623723156750202, 0.0015892391093075275, 0.0015624838415533304]}