{"training_loss": [0.001273888861760497], "validation_nme": [4.408628463745117]}