{"training_loss": [0.0021017524413764477, 0.001437785685993731, 0.0012989409733563662, 0.001209159498102963, 0.0011384895769879222, 0.00107194681186229, 0.0010251705534756184, 0.0009841722203418612, 0.0009482945315539837, 0.0009133730782195926, 0.0008755208691582084, 0.0008468699525110424, 0.0008235410787165165, 0.0008011538884602487, 0.0007798278238624334, 0.0007530315779149532, 0.0007342221797443926, 0.0007202832493931055, 0.0007045526872389019, 0.0006910919910296798, 0.0006700404337607324, 0.0006600155029445887, 0.0006484630866907537, 0.0006364727159962058, 0.0006274101906456053, 0.0006107121589593589], "validation_loss": [0.0023351379204541445, 0.0020926001016050577, 0.001968540484085679, 0.001994752325117588, 0.0018127745715901256, 0.0017700851894915104, 0.0017589024500921369, 0.0019125468097627163, 0.0017408770509064198, 0.0016846000216901302, 0.001621395698748529, 0.0016198711236938834, 0.0017094657523557544, 0.0015980442985892296, 0.0017666589701548219, 0.0015817016828805208, 0.0016559615032747388, 0.0016426449874415994, 0.0015551979886367917, 0.0015831193886697292, 0.0015555305872112513, 0.0015463492600247264, 0.0015953287947922945, 0.0015722528332844377, 0.001571489847265184, 0.0015599856851622462]}