{
    "training_loss": [
        0.0003170579730067402,
        0.0003107775701209903,
        0.00029529028688557446,
        0.0002700446639209986,
        0.0002637548022903502,
        0.00022715821978636086,
        0.00021853498765267432,
        0.00022271355555858463,
        0.00021168703096918762,
        0.00021351201576180756,
        0.0001964821422006935,
        0.00019614858319982886,
        0.00019297587277833372,
        0.00019043001520913094,
        0.00017149113409686834,
        0.00016318648704327643,
        0.000161011193995364,
        0.0001606043806532398,
        0.00015436112880706787,
        0.00015430478379130363,
        0.00014854673645459116,
        0.00015243017696775496,
        0.0001479677011957392,
        0.00014637141430284828,
        0.00014349188131745905,
        0.00013486939133144915,
        0.00013302364095579833,
        0.000137161769089289,
        0.0001304467732552439,
        0.0001300078147323802,
        0.00012384381261654198
    ],
    "validation_nme": [
        4.427148342132568,
        4.807699680328369,
        4.716810703277588,
        4.5642571449279785,
        4.735164165496826,
        4.311655521392822,
        4.328373432159424,
        4.3322529792785645,
        4.268836975097656,
        4.416145324707031,
        4.279727935791016,
        4.440190315246582,
        4.388987064361572,
        4.335091590881348,
        4.390100479125977,
        4.3700785636901855,
        4.288491249084473,
        4.233951091766357,
        4.419239521026611,
        4.324676513671875,
        4.303220748901367,
        4.155871391296387,
        4.231483459472656,
        4.248095989227295,
        4.3809990882873535,
        4.213221549987793,
        4.266865253448486,
        4.367995262145996,
        4.232002258300781,
        4.237588882446289,
        4.352868556976318
    ]
}